paper,html_tag,link_address,link_text
https://journals.asm.org/doi/10.1128/aac.00277-21,"<a href=""%5C%22https://pubmlst.org/abaumannii/%5C%22"">https://pubmlst.org/abaumannii/</a>",https://pubmlst.org/abaumannii/,https://pubmlst.org/abaumannii/
https://journals.asm.org/doi/10.1128/aac.00277-21,"<a href=""%5C%22https://www-is.biotoul.fr/%5C%22"">https://www-is.biotoul.fr/</a>",https://www-is.biotoul.fr/,https://www-is.biotoul.fr/
https://journals.asm.org/doi/10.1128/aem.06524-11,"<a href=""%5C%22https://github.com/ehec-outbreak-crowdsourced/BGI-data-analysis/wiki/MLST-and-serotyping-55989-in-silico%5C%22"">https://github.com/ehec-outbreak-crowdsourced/BGI-data-analysis/wiki/MLST-and-serotyping-55989-in-silico</a>",https://github.com/ehec-outbreak-crowdsourced/BGI-data-analysis/wiki/MLST-and-serotyping-55989-in-silico,https://github.com/ehec-outbreak-crowdsourced/BGI-data-analysis/wiki/MLST-and-serotyping-55989-in-silico
https://journals.asm.org/doi/10.1128/aem.03004-20,"<a href=""%5C%22https://www.ebi.ac.uk%5C%22"">https://www.ebi.ac.uk</a>",https://www.ebi.ac.uk,https://www.ebi.ac.uk
https://journals.asm.org/doi/10.1128/aem.00813-18,"<a href=""%5C%22https://drive.google.com/file/d/1UzxmFCMEkMAxNKCBjRRElsD9v1Bzz-ef/view?usp=sharing%5C%22"">https://drive.google.com/file/d/1UzxmFCMEkMAxNKCBjRRElsD9v1Bzz-ef/view?usp=sharing</a>",https://drive.google.com/file/d/1UzxmFCMEkMAxNKCBjRRElsD9v1Bzz-ef/view?usp=sharing,https://drive.google.com/file/d/1UzxmFCMEkMAxNKCBjRRElsD9v1Bzz-ef/view?usp=sharing
https://journals.asm.org/doi/10.1128/aem.00626-21,"<a href=""%5C%22https://long-read-tools.org/%5C%22"">https://long-read-tools.org/</a>",https://long-read-tools.org/,https://long-read-tools.org/
https://journals.asm.org/doi/10.1128/aem.00626-21,"<a href=""%5C%22https://ftp.ncbi.nlm.nih.gov/genomes/refseq/%5C%22"">https://ftp.ncbi.nlm.nih.gov/genomes/refseq/</a>",https://ftp.ncbi.nlm.nih.gov/genomes/refseq/,https://ftp.ncbi.nlm.nih.gov/genomes/refseq/
https://journals.asm.org/doi/10.1128/iai.00217-21,"<a href=""%5C%22https://mothur.org/wiki/miseq_sop/%5C%22"">https://mothur.org/wiki/miseq_sop/</a>",https://mothur.org/wiki/miseq_sop/,https://mothur.org/wiki/miseq_sop/
https://journals.asm.org/doi/10.1128/iai.00224-21,"<a href=""%5C%22https://services.healthtech.dtu.dk/service.php?TMHMM-2.0%5C%22"">https://services.healthtech.dtu.dk/service.php?TMHMM-2.0</a>",https://services.healthtech.dtu.dk/service.php?TMHMM-2.0,https://services.healthtech.dtu.dk/service.php?TMHMM-2.0
https://journals.asm.org/doi/10.1128/iai.00224-21,"<a href=""%5C%22https://services.healthtech.dtu.dk/service.php?SignalP-5.0%5C%22"">https://services.healthtech.dtu.dk/service.php?SignalP-5.0</a>",https://services.healthtech.dtu.dk/service.php?SignalP-5.0,https://services.healthtech.dtu.dk/service.php?SignalP-5.0
https://journals.asm.org/doi/10.1128/iai.00224-21,"<a href=""%5C%22https://img.jgi.doe.gov/%5C%22"">https://img.jgi.doe.gov/</a>",https://img.jgi.doe.gov/,https://img.jgi.doe.gov/
https://journals.asm.org/doi/10.1128/iai.00224-21,"<a href=""%5C%22https://www.ncbi.nlm.nih.gov/genbank/%5C%22"">https://www.ncbi.nlm.nih.gov/genbank/</a>",https://www.ncbi.nlm.nih.gov/genbank/,https://www.ncbi.nlm.nih.gov/genbank/
https://journals.asm.org/doi/10.1128/jb.masthead.201-12,"<a href=""%5C%22https://journals.asm.org/content/contact-us%5C%22"">https://journals.asm.org/content/contact-us</a>",https://journals.asm.org/content/contact-us,https://journals.asm.org/content/contact-us
https://journals.asm.org/doi/10.1128/jb.masthead.201-12,"<a href=""%5C%22https://journals.asm.org/content/permissions%5C%22"">https://journals.asm.org/content/permissions</a>",https://journals.asm.org/content/permissions,https://journals.asm.org/content/permissions
https://journals.asm.org/doi/10.1128/jb.masthead.201-20,"<a href=""%5C%22https://journals.asm.org/content/contact-us%5C%22"">https://journals.asm.org/content/contact-us</a>",https://journals.asm.org/content/contact-us,https://journals.asm.org/content/contact-us
https://journals.asm.org/doi/10.1128/jb.masthead.201-20,"<a href=""%5C%22https://journals.asm.org/content/permissions%5C%22"">https://journals.asm.org/content/permissions</a>",https://journals.asm.org/content/permissions,https://journals.asm.org/content/permissions
https://journals.asm.org/doi/10.1128/jb.00250-21,"<a href=""%5C%22https://gnps.ucsd.edu/ProteoSAFe/status.jsp?task=baba5df5ab1b437980f81b4e64bcffc0%5C%22"">https://gnps.ucsd.edu/ProteoSAFe/status.jsp?task=baba5df5ab1b437980f81b4e64bcffc0</a>",https://gnps.ucsd.edu/ProteoSAFe/status.jsp?task=baba5df5ab1b437980f81b4e64bcffc0,https://gnps.ucsd.edu/ProteoSAFe/status.jsp?task=baba5df5ab1b437980f81b4e64bcffc0
https://journals.asm.org/doi/10.1128/jb.00250-21,"<a href=""%5C%22https://gnps.ucsd.edu/ProteoSAFe/status.jsp?task=5624bf8b3174483a89cf733d08ce0fff%5C%22"">https://gnps.ucsd.edu/ProteoSAFe/status.jsp?task=5624bf8b3174483a89cf733d08ce0fff</a>",https://gnps.ucsd.edu/ProteoSAFe/status.jsp?task=5624bf8b3174483a89cf733d08ce0fff,https://gnps.ucsd.edu/ProteoSAFe/status.jsp?task=5624bf8b3174483a89cf733d08ce0fff
https://journals.asm.org/doi/10.1128/jb.00250-21,"<a href=""%5C%22https://gnps.ucsd.edu/ProteoSAFe/status.jsp?task=fc3ee81541aa4a60af38b15f08789620%5C%22"">https://gnps.ucsd.edu/ProteoSAFe/status.jsp?task=fc3ee81541aa4a60af38b15f08789620</a>",https://gnps.ucsd.edu/ProteoSAFe/status.jsp?task=fc3ee81541aa4a60af38b15f08789620,https://gnps.ucsd.edu/ProteoSAFe/status.jsp?task=fc3ee81541aa4a60af38b15f08789620
https://journals.asm.org/doi/10.1128/jb.00359-21,"<a href=""%5C%22https://blast.ncbi.nlm.nih.gov/Blast.cgi%5C%22"">https://blast.ncbi.nlm.nih.gov/Blast.cgi</a>",https://blast.ncbi.nlm.nih.gov/Blast.cgi,https://blast.ncbi.nlm.nih.gov/Blast.cgi
https://journals.asm.org/doi/10.1128/jcm.00569-21,"<a href=""%5C%22https://github.com/ArnaoutLab/ct2vl%5C%22"">https://github.com/ArnaoutLab/ct2vl</a>",https://github.com/ArnaoutLab/ct2vl,https://github.com/ArnaoutLab/ct2vl
https://journals.asm.org/doi/10.1128/jcm.00569-21,"<a href=""%5C%22https://github.com/rarnaout/Covid_diagnostics/tree/main/Covid_Nasal_SI%5C%22"">https://github.com/rarnaout/Covid_diagnostics/tree/main/Covid_Nasal_SI</a>",https://github.com/rarnaout/Covid_diagnostics/tree/main/Covid_Nasal_SI,https://github.com/rarnaout/Covid_diagnostics/tree/main/Covid_Nasal_SI
https://journals.asm.org/doi/10.1128/jcm.00777-12,"<a href=""%5C%22https://bm.angis.org.au/%5C%22"">https://bm.angis.org.au/</a>",https://bm.angis.org.au/,https://bm.angis.org.au/
https://journals.asm.org/doi/10.1128/jcm.02075-20,"<a href=""%5C%22https://www.rivm.nl/mpf/typingtool/hev/%5C%22"">https://www.rivm.nl/mpf/typingtool/hev/</a>",https://www.rivm.nl/mpf/typingtool/hev/,https://www.rivm.nl/mpf/typingtool/hev/
https://journals.asm.org/doi/10.1128/jmbe.00198-22,"<a href=""%5C%22https://atom.calpoly.edu/cardsort/about%5C%22"">https://atom.calpoly.edu/cardsort/about</a>",https://atom.calpoly.edu/cardsort/about,https://atom.calpoly.edu/cardsort/about
https://journals.asm.org/doi/10.1128/jmbe.00137-22,"<a href=""%5C%22https://tinyurl.com/smartcures%5C%22"">https://tinyurl.com/smartcures</a>",https://tinyurl.com/smartcures,https://tinyurl.com/smartcures
https://journals.asm.org/doi/10.1128/jmbe.v19i2.1565,"<a href=""%5C%22https://www.asm.org/images/asm_biosafety_guidelines-FINAL.pdf%5C%22"">https://www.asm.org/images/asm_biosafety_guidelines-FINAL.pdf</a>",https://www.asm.org/images/asm_biosafety_guidelines-FINAL.pdf,https://www.asm.org/images/asm_biosafety_guidelines-FINAL.pdf
https://journals.asm.org/doi/10.1128/jmbe.v16i2.949,"<a href=""%5C%22https://sysbio.med.harvard.edu/%5C%22"">https://sysbio.med.harvard.edu/</a>",https://sysbio.med.harvard.edu/,https://sysbio.med.harvard.edu/
https://journals.asm.org/doi/10.1128/jmbe.00172-21,"<a href=""%5C%22https://www.nextgenscience.org%5C%22"">https://www.nextgenscience.org</a>",https://www.nextgenscience.org,https://www.nextgenscience.org
https://journals.asm.org/doi/10.1128/jmbe.00172-21,"<a href=""%5C%22https://www.aaas.org/programs/project-2061%5C%22"">https://www.aaas.org/programs/project-2061</a>",https://www.aaas.org/programs/project-2061,https://www.aaas.org/programs/project-2061
https://journals.asm.org/doi/10.1128/jvi.00529-21,"<a href=""%5C%22https://www.ebi.ac.uk/empiar%5C%22"">https://www.ebi.ac.uk/empiar</a>",https://www.ebi.ac.uk/empiar,https://www.ebi.ac.uk/empiar
https://journals.asm.org/doi/10.1128/mra.00181-20,"<a href=""%5C%22https://github.com/dvera/albacore%5C%22"">https://github.com/dvera/albacore</a>",https://github.com/dvera/albacore,https://github.com/dvera/albacore
https://journals.asm.org/doi/10.1128/mra.00181-20,"<a href=""%5C%22https://github.com/rrwick/Porechop%5C%22"">https://github.com/rrwick/Porechop</a>",https://github.com/rrwick/Porechop,https://github.com/rrwick/Porechop
https://journals.asm.org/doi/10.1128/mra.00204-21,"<a href=""%5C%22https://lpsn.dsmz.de/genus/pseudomonas%5C%22"">https://lpsn.dsmz.de/genus/pseudomonas</a>",https://lpsn.dsmz.de/genus/pseudomonas,https://lpsn.dsmz.de/genus/pseudomonas
https://journals.asm.org/doi/10.1128/mra.01063-20,"<a href=""%5C%22https://pubmlst.org%5C%22"">https://pubmlst.org</a>",https://pubmlst.org,https://pubmlst.org
https://journals.asm.org/doi/10.1128/mra.00474-22,"<a href=""%5C%22https://github.com/rrwick/Porechop%5C%22"">https://github.com/rrwick/Porechop</a>",https://github.com/rrwick/Porechop,https://github.com/rrwick/Porechop
https://journals.asm.org/doi/10.1128/mra.00542-22,"<a href=""%5C%22https://github.com/najoshi/sickle%5C%22"">https://github.com/najoshi/sickle</a>",https://github.com/najoshi/sickle,https://github.com/najoshi/sickle
https://journals.asm.org/doi/10.1128/mra.01288-20,"<a href=""%5C%22https://seaphagesbioinformatics.helpdocsonline.com/home%5C%22"">https://seaphagesbioinformatics.helpdocsonline.com/home</a>",https://seaphagesbioinformatics.helpdocsonline.com/home,https://seaphagesbioinformatics.helpdocsonline.com/home
https://journals.asm.org/doi/10.1128/mra.01149-20,"<a href=""%5C%22https://kbase.us/n/60201/86%5C%22"">https://kbase.us/n/60201/86</a>",https://kbase.us/n/60201/86,https://kbase.us/n/60201/86
https://journals.asm.org/doi/10.1128/mra.01073-22,"<a href=""%5C%22https://github.com/rrwick/Porechop%5C%22"">https://github.com/rrwick/Porechop</a>",https://github.com/rrwick/Porechop,https://github.com/rrwick/Porechop
https://journals.asm.org/doi/10.1128/mra.01073-22,"<a href=""%5C%22https://github.com/nanoporetech/medaka%5C%22"">https://github.com/nanoporetech/medaka</a>",https://github.com/nanoporetech/medaka,https://github.com/nanoporetech/medaka
https://journals.asm.org/doi/10.1128/mra.00402-21,"<a href=""%5C%22https://cpt.tamu.edu/%5C%22"">https://cpt.tamu.edu/</a>",https://cpt.tamu.edu/,https://cpt.tamu.edu/
https://journals.asm.org/doi/10.1128/mra.01234-22,"<a href=""%5C%22https://github.com/PacificBiosciences/ccs%5C%22"">https://github.com/PacificBiosciences/ccs</a>",https://github.com/PacificBiosciences/ccs,https://github.com/PacificBiosciences/ccs
https://journals.asm.org/doi/10.1128/mra.01234-22,"<a href=""%5C%22https://dfast.nig.ac.jp%5C%22"">https://dfast.nig.ac.jp</a>",https://dfast.nig.ac.jp,https://dfast.nig.ac.jp
https://journals.asm.org/doi/10.1128/mra.01114-22,"<a href=""%5C%22https://pangolin.cog-uk.io%5C%22"">https://pangolin.cog-uk.io</a>",https://pangolin.cog-uk.io,https://pangolin.cog-uk.io
https://journals.asm.org/doi/10.1128/mra.00960-22,"<a href=""%5C%22https://github.com/JoshuaIszatt/phanatic%5C%22"">https://github.com/JoshuaIszatt/phanatic</a>",https://github.com/JoshuaIszatt/phanatic,https://github.com/JoshuaIszatt/phanatic
https://journals.asm.org/doi/10.1128/mra.00891-22,"<a href=""%5C%22https://github.com/Computational-conSequences/SequenceTools%5C%22"">https://github.com/Computational-conSequences/SequenceTools</a>",https://github.com/Computational-conSequences/SequenceTools,https://github.com/Computational-conSequences/SequenceTools
https://journals.asm.org/doi/10.1128/mra.00243-19,"<a href=""%5C%22https://github.com/lh3/seqtk%5C%22"">https://github.com/lh3/seqtk</a>",https://github.com/lh3/seqtk,https://github.com/lh3/seqtk
https://journals.asm.org/doi/10.1128/mra.00243-19,"<a href=""%5C%22https://www.bioinformatics.babraham.ac.uk/projects/trim_galore/%5C%22"">https://www.bioinformatics.babraham.ac.uk/projects/trim_galore/</a>",https://www.bioinformatics.babraham.ac.uk/projects/trim_galore/,https://www.bioinformatics.babraham.ac.uk/projects/trim_galore/
https://journals.asm.org/doi/10.1128/mra.00541-19,"<a href=""%5C%22https://www.bioinformatics.babraham.ac.uk/projects/fastqc/%5C%22"">https://www.bioinformatics.babraham.ac.uk/projects/fastqc/</a>",https://www.bioinformatics.babraham.ac.uk/projects/fastqc/,https://www.bioinformatics.babraham.ac.uk/projects/fastqc/
https://journals.asm.org/doi/10.1128/mra.00541-19,"<a href=""%5C%22https://cpt.tamu.edu/%5C%22"">https://cpt.tamu.edu/</a>",https://cpt.tamu.edu/,https://cpt.tamu.edu/
https://journals.asm.org/doi/10.1128/mra.00721-21,"<a href=""%5C%22https://github.com/tseemann/snippy%5C%22"">https://github.com/tseemann/snippy</a>",https://github.com/tseemann/snippy,https://github.com/tseemann/snippy
https://journals.asm.org/doi/10.1128/mra.00721-21,"<a href=""%5C%22https://github.com/hCoV-2019/pangolin%5C%22"">https://github.com/hCoV-2019/pangolin</a>",https://github.com/hCoV-2019/pangolin,https://github.com/hCoV-2019/pangolin
https://journals.asm.org/doi/10.1128/mra.00721-21,"<a href=""%5C%22https://www.gisaid.org%5C%22"">https://www.gisaid.org</a>",https://www.gisaid.org,https://www.gisaid.org
https://journals.asm.org/doi/10.1128/mra.00758-21,"<a href=""%5C%22https://rast.nmpdr.org/%5C%22"">https://rast.nmpdr.org/</a>",https://rast.nmpdr.org/,https://rast.nmpdr.org/
https://journals.asm.org/doi/10.1128/mra.00758-21,"<a href=""%5C%22https://www.industry.gov.au/policies-and-initiatives/national-measurement-institute%5C%22"">https://www.industry.gov.au/policies-and-initiatives/national-measurement-institute</a>",https://www.industry.gov.au/policies-and-initiatives/national-measurement-institute,https://www.industry.gov.au/policies-and-initiatives/national-measurement-institute
https://journals.asm.org/doi/10.1128/mra.00746-21,"<a href=""%5C%22https://cpt.tamu.edu/computer-resources/pause%5C%22"">https://cpt.tamu.edu/computer-resources/pause</a>",https://cpt.tamu.edu/computer-resources/pause,https://cpt.tamu.edu/computer-resources/pause
https://journals.asm.org/doi/10.1128/mra.00746-21,"<a href=""%5C%22https://phagesdb.org/DNAMaster%5C%22"">https://phagesdb.org/DNAMaster</a>",https://phagesdb.org/DNAMaster,https://phagesdb.org/DNAMaster
https://journals.asm.org/doi/10.1128/mra.01225-19,"<a href=""%5C%22https://github.com/marbl/canu%5C%22"">https://github.com/marbl/canu</a>",https://github.com/marbl/canu,https://github.com/marbl/canu
https://journals.asm.org/doi/10.1128/mra.01225-19,"<a href=""%5C%22https://github.com/fg6/smis%5C%22"">https://github.com/fg6/smis</a>",https://github.com/fg6/smis,https://github.com/fg6/smis
https://journals.asm.org/doi/10.1128/mra.01225-19,"<a href=""%5C%22https://github.com/tomdeman-bio/Sequence-scripts/blob/master/calc_N50_GC_genomesize.pl%5C%22"">https://github.com/tomdeman-bio/Sequence-scripts/blob/master/calc_N50_GC_genomesize.pl</a>",https://github.com/tomdeman-bio/Sequence-scripts/blob/master/calc_N50_GC_genomesize.pl,https://github.com/tomdeman-bio/Sequence-scripts/blob/master/calc_N50_GC_genomesize.pl
https://journals.asm.org/doi/10.1128/mra.01225-19,"<a href=""%5C%22https://github.com/aleimba/bac-genomics-scripts/tree/master/cdd2cog%5C%22"">https://github.com/aleimba/bac-genomics-scripts/tree/master/cdd2cog</a>",https://github.com/aleimba/bac-genomics-scripts/tree/master/cdd2cog,https://github.com/aleimba/bac-genomics-scripts/tree/master/cdd2cog
https://journals.asm.org/doi/10.1128/mra.00487-22,"<a href=""%5C%22https://www.bioinformatics.babraham.ac.uk/projects/fastqc/%5C%22"">https://www.bioinformatics.babraham.ac.uk/projects/fastqc/</a>",https://www.bioinformatics.babraham.ac.uk/projects/fastqc/,https://www.bioinformatics.babraham.ac.uk/projects/fastqc/
https://journals.asm.org/doi/10.1128/mra.00780-22,"<a href=""%5C%22https://seaphages.org/software%5C%22"">https://seaphages.org/software</a>",https://seaphages.org/software,https://seaphages.org/software
https://journals.asm.org/doi/10.1128/mra.00766-22,"<a href=""%5C%22https://doi.org/10.6084/m9.figshare.20318880%5C%22"">https://doi.org/10.6084/m9.figshare.20318880</a>",https://doi.org/10.6084/m9.figshare.20318880,https://doi.org/10.6084/m9.figshare.20318880
https://journals.asm.org/doi/10.1128/mra.00434-22,"<a href=""%5C%22https://www.ncbi.nlm.nih.gov/orffinder/%5C%22"">https://www.ncbi.nlm.nih.gov/orffinder/</a>",https://www.ncbi.nlm.nih.gov/orffinder/,https://www.ncbi.nlm.nih.gov/orffinder/
https://journals.asm.org/doi/10.1128/spectrum.03301-22,"<a href=""%5C%22https://www.who.int/en/activities/tracking-SARS-CoV-2-variants%5C%22"">https://www.who.int/en/activities/tracking-SARS-CoV-2-variants</a>",https://www.who.int/en/activities/tracking-SARS-CoV-2-variants,https://www.who.int/en/activities/tracking-SARS-CoV-2-variants
https://journals.asm.org/doi/10.1128/spectrum.03301-22,"<a href=""%5C%22https://www.cdc.gov/coronavirus/2019-ncov/science/science-briefs/sars-cov-2-transmission.html%5C%22"">https://www.cdc.gov/coronavirus/2019-ncov/science/science-briefs/sars-cov-2-transmission.html</a>",https://www.cdc.gov/coronavirus/2019-ncov/science/science-briefs/sars-cov-2-transmission.html,https://www.cdc.gov/coronavirus/2019-ncov/science/science-briefs/sars-cov-2-transmission.html
https://journals.asm.org/doi/10.1128/spectrum.03301-22,"<a href=""%5C%22https://doi.org/10.17504/protocols.io.bdp7i5rn%5C%22"">https://doi.org/10.17504/protocols.io.bdp7i5rn</a>",https://doi.org/10.17504/protocols.io.bdp7i5rn,https://doi.org/10.17504/protocols.io.bdp7i5rn
https://journals.asm.org/doi/10.1128/spectrum.03301-22,"<a href=""%5C%22https://doi.org/10.17504/protocols.io.bwyppfvn%5C%22"">https://doi.org/10.17504/protocols.io.bwyppfvn</a>",https://doi.org/10.17504/protocols.io.bwyppfvn,https://doi.org/10.17504/protocols.io.bwyppfvn
https://journals.asm.org/doi/10.1128/spectrum.02112-22,"<a href=""%5C%22https://products.coastalscience.noaa.gov/vibrioforecast/%5C%22"">https://products.coastalscience.noaa.gov/vibrioforecast/</a>",https://products.coastalscience.noaa.gov/vibrioforecast/,https://products.coastalscience.noaa.gov/vibrioforecast/
https://journals.asm.org/doi/10.1128/spectrum.04648-22,"<a href=""%5C%22https://www.catalogueoflife.org/%5C%22"">https://www.catalogueoflife.org/</a>",https://www.catalogueoflife.org/,https://www.catalogueoflife.org/
https://journals.asm.org/doi/10.1128/spectrum.04648-22,"<a href=""%5C%22https://rnacentral.org/%5C%22"">https://rnacentral.org/</a>",https://rnacentral.org/,https://rnacentral.org/
https://journals.asm.org/doi/10.1128/spectrum.04648-22,"<a href=""%5C%22https://rfam.org/%5C%22"">https://rfam.org/</a>",https://rfam.org/,https://rfam.org/
https://journals.asm.org/doi/10.1128/spectrum.03167-22,"<a href=""%5C%22https://www.viprbrc.org%5C%22"">https://www.viprbrc.org</a>",https://www.viprbrc.org,https://www.viprbrc.org
https://journals.asm.org/doi/10.1128/spectrum.01906-22,"<a href=""%5C%22https://hub.nuaa.cf/aquaskyline/SOAPdenovo2%5C%22"">https://hub.nuaa.cf/aquaskyline/SOAPdenovo2</a>",https://hub.nuaa.cf/aquaskyline/SOAPdenovo2,https://hub.nuaa.cf/aquaskyline/SOAPdenovo2
https://journals.asm.org/doi/10.1128/spectrum.01906-22,"<a href=""%5C%22https://huttenhower.sph.harvard.edu/humann2/%5C%22"">https://huttenhower.sph.harvard.edu/humann2/</a>",https://huttenhower.sph.harvard.edu/humann2/,https://huttenhower.sph.harvard.edu/humann2/
https://journals.asm.org/doi/10.1128/spectrum.01906-22,"<a href=""%5C%22https://www.rdocumentation.org/packages/ggplot2/versions/2.1.0%5C%22"">https://www.rdocumentation.org/packages/ggplot2/versions/2.1.0</a>",https://www.rdocumentation.org/packages/ggplot2/versions/2.1.0,https://www.rdocumentation.org/packages/ggplot2/versions/2.1.0
https://journals.asm.org/doi/10.1128/spectrum.03729-22,"<a href=""%5C%22https://lpsn.dsmz.de/genus/achromobacter%5C%22"">https://lpsn.dsmz.de/genus/achromobacter</a>",https://lpsn.dsmz.de/genus/achromobacter,https://lpsn.dsmz.de/genus/achromobacter
https://journals.asm.org/doi/10.1128/spectrum.03617-22,"<a href=""%5C%22https://cge.food.dtu.dk/services/CholeraeFinder/%5C%22"">https://cge.food.dtu.dk/services/CholeraeFinder/</a>",https://cge.food.dtu.dk/services/CholeraeFinder/,https://cge.food.dtu.dk/services/CholeraeFinder/
https://journals.asm.org/doi/10.1128/spectrum.03617-22,"<a href=""%5C%22https://pubmlst.org/%5C%22"">https://pubmlst.org/</a>",https://pubmlst.org/,https://pubmlst.org/
https://journals.asm.org/doi/10.1128/spectrum.03617-22,"<a href=""%5C%22https://phaster.ca/%5C%22"">https://phaster.ca/</a>",https://phaster.ca/,https://phaster.ca/
https://journals.asm.org/doi/10.1128/spectrum.03617-22,"<a href=""%5C%22https://www.geneious.com/%5C%22"">https://www.geneious.com/</a>",https://www.geneious.com/,https://www.geneious.com/
https://journals.asm.org/doi/10.1128/spectrum.03617-22,"<a href=""%5C%22https://cge.food.dtu.dk/services/ResFinder/%5C%22"">https://cge.food.dtu.dk/services/ResFinder/</a>",https://cge.food.dtu.dk/services/ResFinder/,https://cge.food.dtu.dk/services/ResFinder/
https://journals.asm.org/doi/10.1128/spectrum.03617-22,"<a href=""%5C%22https://www.ncbi.nlm.nih.gov%5C%22"">https://www.ncbi.nlm.nih.gov</a>",https://www.ncbi.nlm.nih.gov,https://www.ncbi.nlm.nih.gov
https://journals.asm.org/doi/10.1128/spectrum.03617-22,"<a href=""%5C%22https://enterobase.warwick.ac.uk/species/vibrio/search_strains%5C%22"">https://enterobase.warwick.ac.uk/species/vibrio/search_strains</a>",https://enterobase.warwick.ac.uk/species/vibrio/search_strains,https://enterobase.warwick.ac.uk/species/vibrio/search_strains
https://journals.asm.org/doi/10.1128/spectrum.03617-22,"<a href=""%5C%22https://github.com/tseemann/snippy%5C%22"">https://github.com/tseemann/snippy</a>",https://github.com/tseemann/snippy,https://github.com/tseemann/snippy
https://journals.asm.org/doi/10.1128/spectrum.03617-22,"<a href=""%5C%22https://itol.embl.de%5C%22"">https://itol.embl.de</a>",https://itol.embl.de,https://itol.embl.de
https://journals.asm.org/doi/10.1128/spectrum.03404-22,"<a href=""%5C%22https://www.ncbi.nlm.nih.gov/%5C%22"">https://www.ncbi.nlm.nih.gov/</a>",https://www.ncbi.nlm.nih.gov/,https://www.ncbi.nlm.nih.gov/
https://journals.asm.org/doi/10.1128/spectrum.03613-22,"<a href=""%5C%22https://github.com/lrslab/Interplay-between-ISVs-and-mosquito-cells-suppl%5C%22"">https://github.com/lrslab/Interplay-between-ISVs-and-mosquito-cells-suppl</a>",https://github.com/lrslab/Interplay-between-ISVs-and-mosquito-cells-suppl,https://github.com/lrslab/Interplay-between-ISVs-and-mosquito-cells-suppl
https://journals.asm.org/doi/10.1128/spectrum.01973-22,"<a href=""%5C%22https://mycobrowser.epfl.ch/%5C%22"">https://mycobrowser.epfl.ch/</a>",https://mycobrowser.epfl.ch/,https://mycobrowser.epfl.ch/
https://journals.asm.org/doi/10.1128/spectrum.01973-22,"<a href=""%5C%22https://meme-suite.org/meme/%5C%22"">https://meme-suite.org/meme/</a>",https://meme-suite.org/meme/,https://meme-suite.org/meme/
https://journals.asm.org/doi/10.1128/spectrum.01973-22,"<a href=""%5C%22https://www.nucleics.com/DNA_sequencing_support/Trace_viewer_reviews/BioEdit/%5C%22"">https://www.nucleics.com/DNA_sequencing_support/Trace_viewer_reviews/BioEdit/</a>",https://www.nucleics.com/DNA_sequencing_support/Trace_viewer_reviews/BioEdit/,https://www.nucleics.com/DNA_sequencing_support/Trace_viewer_reviews/BioEdit/
https://journals.asm.org/doi/10.1128/spectrum.01973-22,"<a href=""%5C%22https://swissmodel.expasy.org%5C%22"">https://swissmodel.expasy.org</a>",https://swissmodel.expasy.org,https://swissmodel.expasy.org
https://journals.asm.org/doi/10.1128/spectrum.01973-22,"<a href=""%5C%22https://www.sasbdb.org/project/1396/kv4wukfdsj%5C%22"">https://www.sasbdb.org/project/1396/kv4wukfdsj</a>",https://www.sasbdb.org/project/1396/kv4wukfdsj,https://www.sasbdb.org/project/1396/kv4wukfdsj
https://journals.asm.org/doi/10.1128/spectrum.02745-22,"<a href=""%5C%22https://www.ncbi.nlm.nih.gov/pmc/%5C%22"">https://www.ncbi.nlm.nih.gov/pmc/</a>",https://www.ncbi.nlm.nih.gov/pmc/,https://www.ncbi.nlm.nih.gov/pmc/
https://journals.asm.org/doi/10.1128/spectrum.02745-22,"<a href=""%5C%22https://bigsdb.pasteur.fr/listeria/%5C%22"">https://bigsdb.pasteur.fr/listeria/</a>",https://bigsdb.pasteur.fr/listeria/,https://bigsdb.pasteur.fr/listeria/
https://journals.asm.org/doi/10.1128/spectrum.03242-22,"<a href=""%5C%22https://cn.string-db.org/%5C%22"">https://cn.string-db.org/</a>",https://cn.string-db.org/,https://cn.string-db.org/
https://journals.asm.org/doi/10.1128/spectrum.00462-21,"<a href=""%5C%22https://www.anresis.ch%5C%22"">https://www.anresis.ch</a>",https://www.anresis.ch,https://www.anresis.ch
https://journals.asm.org/doi/10.1128/spectrum.00430-21,"<a href=""%5C%22https://abc13.com/houston-rodeo-coronavirus-update-texas-cancellation-livestock-show-and/6003475/%5C%22"">https://abc13.com/houston-rodeo-coronavirus-update-texas-cancellation-livestock-show-and/6003475/</a>",https://abc13.com/houston-rodeo-coronavirus-update-texas-cancellation-livestock-show-and/6003475/,https://abc13.com/houston-rodeo-coronavirus-update-texas-cancellation-livestock-show-and/6003475/
https://journals.asm.org/doi/10.1128/spectrum.00430-21,"<a href=""%5C%22https://www.houstontx.gov/mayor/press/2020/stay-home-work-safe-order.html%5C%22"">https://www.houstontx.gov/mayor/press/2020/stay-home-work-safe-order.html</a>",https://www.houstontx.gov/mayor/press/2020/stay-home-work-safe-order.html,https://www.houstontx.gov/mayor/press/2020/stay-home-work-safe-order.html
https://journals.asm.org/doi/10.1128/spectrum.00430-21,"<a href=""%5C%22https://flu.houstonmethodist.org%5C%22"">https://flu.houstonmethodist.org</a>",https://flu.houstonmethodist.org,https://flu.houstonmethodist.org
https://journals.asm.org/doi/10.1128/spectrum.00430-21,"<a href=""%5C%22https://www.cdc.gov/flu/weekly/index.htm%5C%22"">https://www.cdc.gov/flu/weekly/index.htm</a>",https://www.cdc.gov/flu/weekly/index.htm,https://www.cdc.gov/flu/weekly/index.htm
https://journals.asm.org/doi/10.1128/spectrum.00430-21,"<a href=""%5C%22https://syndromictrends.com%5C%22"">https://syndromictrends.com</a>",https://syndromictrends.com,https://syndromictrends.com
https://journals.asm.org/doi/10.1128/spectrum.00430-21,"<a href=""%5C%22https://gov.texas.gov/uploads/files/press/EO-GA-23_phase_two_expanding_opening_COVID-19.pdf%5C%22"">https://gov.texas.gov/uploads/files/press/EO-GA-23_phase_two_expanding_opening_COVID-19.pdf</a>",https://gov.texas.gov/uploads/files/press/EO-GA-23_phase_two_expanding_opening_COVID-19.pdf,https://gov.texas.gov/uploads/files/press/EO-GA-23_phase_two_expanding_opening_COVID-19.pdf
https://journals.asm.org/doi/10.1128/spectrum.00430-21,"<a href=""%5C%22https://gov.texas.gov/uploads/files/press/EO-GA-32_continued_response_to_COVID-19_IMAGE_10-07-2020.pdf%5C%22"">https://gov.texas.gov/uploads/files/press/EO-GA-32_continued_response_to_COVID-19_IMAGE_10-07-2020.pdf</a>",https://gov.texas.gov/uploads/files/press/EO-GA-32_continued_response_to_COVID-19_IMAGE_10-07-2020.pdf,https://gov.texas.gov/uploads/files/press/EO-GA-32_continued_response_to_COVID-19_IMAGE_10-07-2020.pdf
https://journals.asm.org/doi/10.1128/spectrum.00430-21,"<a href=""%5C%22https://open.texas.gov/uploads/files/organization/opentexas/EO-GA-34-opening-Texas-response-to-COVID-disaster-IMAGE-03-02-2021.pdf%5C%22"">https://open.texas.gov/uploads/files/organization/opentexas/EO-GA-34-opening-Texas-response-to-COVID-disaster-IMAGE-03-02-2021.pdf</a>",https://open.texas.gov/uploads/files/organization/opentexas/EO-GA-34-opening-Texas-response-to-COVID-disaster-IMAGE-03-02-2021.pdf,https://open.texas.gov/uploads/files/organization/opentexas/EO-GA-34-opening-Texas-response-to-COVID-disaster-IMAGE-03-02-2021.pdf
https://journals.asm.org/doi/10.1128/spectrum.00430-21,"<a href=""%5C%22https://www.abc.net.au/news/2021-02-24/rsv-cases-surging-in-south-east-queensland/13186788%5C%22"">https://www.abc.net.au/news/2021-02-24/rsv-cases-surging-in-south-east-queensland/13186788</a>",https://www.abc.net.au/news/2021-02-24/rsv-cases-surging-in-south-east-queensland/13186788,https://www.abc.net.au/news/2021-02-24/rsv-cases-surging-in-south-east-queensland/13186788
https://journals.asm.org/doi/10.1128/spectrum.00526-21,"<a href=""%5C%22https://github.com/brevans/vcf2fa%5C%22"">https://github.com/brevans/vcf2fa</a>",https://github.com/brevans/vcf2fa,https://github.com/brevans/vcf2fa
https://journals.asm.org/doi/10.1128/spectrum.00526-21,"<a href=""%5C%22https://github.com/tseemann/abricate%5C%22"">https://github.com/tseemann/abricate</a>",https://github.com/tseemann/abricate,https://github.com/tseemann/abricate
https://journals.asm.org/doi/10.1128/spectrum.00789-21,"<a href=""%5C%22https://www.gob.pe/institucion/minsa/informes-publicaciones/1944190-criterios-tecnicos-para-actualizar-la-cifra-de-fallecidos-por-covid-19-en-el-peru%5C%22"">https://www.gob.pe/institucion/minsa/informes-publicaciones/1944190-criterios-tecnicos-para-actualizar-la-cifra-de-fallecidos-por-covid-19-en-el-peru</a>",https://www.gob.pe/institucion/minsa/informes-publicaciones/1944190-criterios-tecnicos-para-actualizar-la-cifra-de-fallecidos-por-covid-19-en-el-peru,https://www.gob.pe/institucion/minsa/informes-publicaciones/1944190-criterios-tecnicos-para-actualizar-la-cifra-de-fallecidos-por-covid-19-en-el-peru
https://journals.asm.org/doi/10.1128/spectrum.00789-21,"<a href=""%5C%22https://nextstrain.org/community/quipupe/Peru_lambda%5C%22"">https://nextstrain.org/community/quipupe/Peru_lambda</a>",https://nextstrain.org/community/quipupe/Peru_lambda,https://nextstrain.org/community/quipupe/Peru_lambda
https://journals.asm.org/doi/10.1128/spectrum.00789-21,"<a href=""%5C%22https://www.who.int/publications/m/item/weekly-epidemiological-update-on-covid-19---15-june-2021%5C%22"">https://www.who.int/publications/m/item/weekly-epidemiological-update-on-covid-19---15-june-2021</a>",https://www.who.int/publications/m/item/weekly-epidemiological-update-on-covid-19---15-june-2021,https://www.who.int/publications/m/item/weekly-epidemiological-update-on-covid-19---15-june-2021
https://journals.asm.org/doi/10.1128/spectrum.00789-21,"<a href=""%5C%22https://github.com/LGM-UPCH/peru_lambda%5C%22"">https://github.com/LGM-UPCH/peru_lambda</a>",https://github.com/LGM-UPCH/peru_lambda,https://github.com/LGM-UPCH/peru_lambda
https://journals.asm.org/doi/10.1128/spectrum.01305-21,"<a href=""%5C%22https://bigsdb.pasteur.fr/klebsiella/klebsiella.html%5C%22"">https://bigsdb.pasteur.fr/klebsiella/klebsiella.html</a>",https://bigsdb.pasteur.fr/klebsiella/klebsiella.html,https://bigsdb.pasteur.fr/klebsiella/klebsiella.html
https://journals.asm.org/doi/10.1128/spectrum.01305-21,"<a href=""%5C%22https://github.com/katholt/Kleborate%5C%22"">https://github.com/katholt/Kleborate</a>",https://github.com/katholt/Kleborate,https://github.com/katholt/Kleborate
https://journals.asm.org/doi/10.1128/spectrum.01305-21,"<a href=""%5C%22https://itol.embl.de%5C%22"">https://itol.embl.de</a>",https://itol.embl.de,https://itol.embl.de
https://journals.asm.org/doi/10.1128/spectrum.00610-21,"<a href=""%5C%22https://www.ebi.ac.uk/ena%5C%22"">https://www.ebi.ac.uk/ena</a>",https://www.ebi.ac.uk/ena,https://www.ebi.ac.uk/ena
https://journals.asm.org/doi/10.1128/spectrum.02371-21,"<a href=""%5C%22https://cge.cbs.dtu.dk/services/PlasmidFinder/%5C%22"">https://cge.cbs.dtu.dk/services/PlasmidFinder/</a>",https://cge.cbs.dtu.dk/services/PlasmidFinder/,https://cge.cbs.dtu.dk/services/PlasmidFinder/
https://journals.asm.org/doi/10.1128/spectrum.02371-21,"<a href=""%5C%22https://cge.cbs.dtu.dk/services/ResFinder/%5C%22"">https://cge.cbs.dtu.dk/services/ResFinder/</a>",https://cge.cbs.dtu.dk/services/ResFinder/,https://cge.cbs.dtu.dk/services/ResFinder/
https://journals.asm.org/doi/10.1128/spectrum.02371-21,"<a href=""%5C%22https://tool-mml.sjtu.edu.cn/oriTfinder/oriTfinder.html%5C%22"">https://tool-mml.sjtu.edu.cn/oriTfinder/oriTfinder.html</a>",https://tool-mml.sjtu.edu.cn/oriTfinder/oriTfinder.html,https://tool-mml.sjtu.edu.cn/oriTfinder/oriTfinder.html
https://journals.asm.org/doi/10.1128/spectrum.02371-21,"<a href=""%5C%22https://www-is.biotoul.fr/%5C%22"">https://www-is.biotoul.fr/</a>",https://www-is.biotoul.fr/,https://www-is.biotoul.fr/
https://journals.asm.org/doi/10.1128/spectrum.02371-21,"<a href=""%5C%22https://bigsdb.pasteur.fr/cgi-bin/bigsdb/bigsdb.pl?db=pubmlst_klebsiella_seqdef%5C%22"">https://bigsdb.pasteur.fr/cgi-bin/bigsdb/bigsdb.pl?db=pubmlst_klebsiella_seqdef</a>",https://bigsdb.pasteur.fr/cgi-bin/bigsdb/bigsdb.pl?db=pubmlst_klebsiella_seqdef,https://bigsdb.pasteur.fr/cgi-bin/bigsdb/bigsdb.pl?db=pubmlst_klebsiella_seqdef
https://journals.asm.org/doi/10.1128/spectrum.02371-21,"<a href=""%5C%22https://github.com/katholt/Kleborate/%5C%22"">https://github.com/katholt/Kleborate/</a>",https://github.com/katholt/Kleborate/,https://github.com/katholt/Kleborate/
https://journals.asm.org/doi/10.1128/mbio.00495-22,"<a href=""%5C%22https://doi.org/10.1128/mBio.00275-11%5C%22"">https://doi.org/10.1128/mBio.00275-11</a>",https://doi.org/10.1128/mBio.00275-11,https://doi.org/10.1128/mBio.00275-11
https://journals.asm.org/doi/10.1128/mbio.00495-22,"<a href=""%5C%22https://doi.org/10.1128/mBio.02491-14%5C%22"">https://doi.org/10.1128/mBio.02491-14</a>",https://doi.org/10.1128/mBio.02491-14,https://doi.org/10.1128/mBio.02491-14
https://journals.asm.org/doi/10.1128/mbio.00495-22,"<a href=""%5C%22https://doi.org/10.1128/mBio.00496-22%5C%22"">https://doi.org/10.1128/mBio.00496-22</a>",https://doi.org/10.1128/mBio.00496-22,https://doi.org/10.1128/mBio.00496-22
https://journals.asm.org/doi/10.1128/mbio.00354-22,"<a href=""%5C%22https://doi.org/10.6084/m9.figshare.17698631%5C%22"">https://doi.org/10.6084/m9.figshare.17698631</a>",https://doi.org/10.6084/m9.figshare.17698631,https://doi.org/10.6084/m9.figshare.17698631
https://journals.asm.org/doi/10.1128/mbio.00354-22,"<a href=""%5C%22https://github.com/Ecogenomics/BamM%5C%22"">https://github.com/Ecogenomics/BamM</a>",https://github.com/Ecogenomics/BamM,https://github.com/Ecogenomics/BamM
https://journals.asm.org/doi/10.1128/mbio.00354-22,"<a href=""%5C%22https://github.com/edgraham/GhostKoalaParser%5C%22"">https://github.com/edgraham/GhostKoalaParser</a>",https://github.com/edgraham/GhostKoalaParser,https://github.com/edgraham/GhostKoalaParser
https://journals.asm.org/doi/10.1128/mbio.00354-22,"<a href=""%5C%22https://zenodo.org/record/3767070#.Ys1u8XbMI6Y%5C%22"">https://zenodo.org/record/3767070#.Ys1u8XbMI6Y</a>",https://zenodo.org/record/3767070#.Ys1u8XbMI6Y,https://zenodo.org/record/3767070#.Ys1u8XbMI6Y
https://journals.asm.org/doi/10.1128/mbio.00354-22,"<a href=""%5C%22https://github.com/alexcritschristoph/soil_popgen/blob/de1e09dd8416131a6b5feba74f0c3a5747d38da1/inStrain_lite/inStrain_lite/filter_reads.py%5C%22"">https://github.com/alexcritschristoph/soil_popgen/blob/de1e09dd8416131a6b5feba74f0c3a5747d38da1/inStrain_lite/inStrain_lite/filter_reads.py</a>",https://github.com/alexcritschristoph/soil_popgen/blob/de1e09dd8416131a6b5feba74f0c3a5747d38da1/inStrain_lite/inStrain_lite/filter_reads.py,https://github.com/alexcritschristoph/soil_popgen/blob/de1e09dd8416131a6b5feba74f0c3a5747d38da1/inStrain_lite/inStrain_lite/filter_reads.py
https://journals.asm.org/doi/10.1128/mbio.00354-22,"<a href=""%5C%22https://scikit-allel.readthedocs.io/%5C%22"">https://scikit-allel.readthedocs.io/</a>",https://scikit-allel.readthedocs.io/,https://scikit-allel.readthedocs.io/
https://journals.asm.org/doi/10.1128/mbio.00354-22,"<a href=""%5C%22https://fhcrc.github.io/seqmagick/%5C%22"">https://fhcrc.github.io/seqmagick/</a>",https://fhcrc.github.io/seqmagick/,https://fhcrc.github.io/seqmagick/
https://journals.asm.org/doi/10.1128/mbio.00354-22,"<a href=""%5C%22https://github.com/bjtully/northpond_evolution/tree/main/dNdS-calc%5C%22"">https://github.com/bjtully/northpond_evolution/tree/main/dNdS-calc</a>",https://github.com/bjtully/northpond_evolution/tree/main/dNdS-calc,https://github.com/bjtully/northpond_evolution/tree/main/dNdS-calc
https://journals.asm.org/doi/10.1128/mbio.00354-22,"<a href=""%5C%22https://doi.org/10.6084/m9.figshare.17701254%5C%22"">https://doi.org/10.6084/m9.figshare.17701254</a>",https://doi.org/10.6084/m9.figshare.17701254,https://doi.org/10.6084/m9.figshare.17701254
https://journals.asm.org/doi/10.1128/mbio.00354-22,"<a href=""%5C%22https://github.com/bjtully/northpond_evolution%5C%22"">https://github.com/bjtully/northpond_evolution</a>",https://github.com/bjtully/northpond_evolution,https://github.com/bjtully/northpond_evolution
https://journals.asm.org/doi/10.1128/mbio.00225-17,"<a href=""%5C%22https://www.pymol.org%5C%22"">https://www.pymol.org</a>",https://www.pymol.org,https://www.pymol.org
https://journals.asm.org/doi/10.1128/mbio.02815-22,"<a href=""%5C%22https://help.geneious.com/hc/en-us/articles/360045070991-Assembly-of-SARS-CoV-2-genomes-from-tiled-amplicon-Illumina-sequencing-using-Geneious-Prime%5C%22"">https://help.geneious.com/hc/en-us/articles/360045070991-Assembly-of-SARS-CoV-2-genomes-from-tiled-amplicon-Illumina-sequencing-using-Geneious-Prime</a>",https://help.geneious.com/hc/en-us/articles/360045070991-Assembly-of-SARS-CoV-2-genomes-from-tiled-amplicon-Illumina-sequencing-using-Geneious-Prime,https://help.geneious.com/hc/en-us/articles/360045070991-Assembly-of-SARS-CoV-2-genomes-from-tiled-amplicon-Illumina-sequencing-using-Geneious-Prime
https://journals.asm.org/doi/10.1128/mbio.02815-22,"<a href=""%5C%22https://artic.network/ncov-2019%5C%22"">https://artic.network/ncov-2019</a>",https://artic.network/ncov-2019,https://artic.network/ncov-2019
https://journals.asm.org/doi/10.1128/mbio.00987-21,"<a href=""%5C%22https://www.eucast.org/clinical_breakpoints/%5C%22"">https://www.eucast.org/clinical_breakpoints/</a>",https://www.eucast.org/clinical_breakpoints/,https://www.eucast.org/clinical_breakpoints/
https://journals.asm.org/doi/10.1128/mbio.00987-21,"<a href=""%5C%22https://github.com/sleyn/morbidostat_construction%5C%22"">https://github.com/sleyn/morbidostat_construction</a>",https://github.com/sleyn/morbidostat_construction,https://github.com/sleyn/morbidostat_construction
https://journals.asm.org/doi/10.1128/mbio.00987-21,"<a href=""%5C%22https://www.megunolink.com/%5C%22"">https://www.megunolink.com/</a>",https://www.megunolink.com/,https://www.megunolink.com/
https://journals.asm.org/doi/10.1128/mbio.00987-21,"<a href=""%5C%22https://github.com/sleyn/morbidostat_v2_construction%5C%22"">https://github.com/sleyn/morbidostat_v2_construction</a>",https://github.com/sleyn/morbidostat_v2_construction,https://github.com/sleyn/morbidostat_v2_construction
https://journals.asm.org/doi/10.1128/mbio.00987-21,"<a href=""%5C%22https://www.bioinformatics.babraham.ac.uk/projects/fastqc/%5C%22"">https://www.bioinformatics.babraham.ac.uk/projects/fastqc/</a>",https://www.bioinformatics.babraham.ac.uk/projects/fastqc/,https://www.bioinformatics.babraham.ac.uk/projects/fastqc/
https://journals.asm.org/doi/10.1128/mbio.00987-21,"<a href=""%5C%22https://broadinstitute.github.io/picard/%5C%22"">https://broadinstitute.github.io/picard/</a>",https://broadinstitute.github.io/picard/,https://broadinstitute.github.io/picard/
https://journals.asm.org/doi/10.1128/mbio.00987-21,"<a href=""%5C%22https://github.com/sleyn/ijump%5C%22"">https://github.com/sleyn/ijump</a>",https://github.com/sleyn/ijump,https://github.com/sleyn/ijump
https://journals.asm.org/doi/10.1128/mbio.00987-21,"<a href=""%5C%22https://github.com/rrwick/Porechop%5C%22"">https://github.com/rrwick/Porechop</a>",https://github.com/rrwick/Porechop,https://github.com/rrwick/Porechop
https://journals.asm.org/doi/10.1128/mbio.00987-21,"<a href=""%5C%22https://github.com/sleyn/paper_cipro_EC_AB_PA_2021%5C%22"">https://github.com/sleyn/paper_cipro_EC_AB_PA_2021</a>",https://github.com/sleyn/paper_cipro_EC_AB_PA_2021,https://github.com/sleyn/paper_cipro_EC_AB_PA_2021
https://journals.asm.org/doi/10.1128/mbio.00401-21,"<a href=""%5C%22https://doi.org/10.5281/zenodo.4537693%5C%22"">https://doi.org/10.5281/zenodo.4537693</a>",https://doi.org/10.5281/zenodo.4537693,https://doi.org/10.5281/zenodo.4537693
https://journals.asm.org/doi/10.1128/mbio.01490-21,"<a href=""%5C%22https://www.reinkelab.org/microsporidiaspecies%5C%22"">https://www.reinkelab.org/microsporidiaspecies</a>",https://www.reinkelab.org/microsporidiaspecies,https://www.reinkelab.org/microsporidiaspecies
https://journals.asm.org/doi/10.1128/mbio.01490-21,"<a href=""%5C%22https://www.gbif.org/%5C%22"">https://www.gbif.org/</a>",https://www.gbif.org/,https://www.gbif.org/
https://journals.asm.org/doi/10.1128/mbio.01490-21,"<a href=""%5C%22https://www.ncbi.nlm.nih.gov/Taxonomy/Browser/wwwtax.cgi%5C%22"">https://www.ncbi.nlm.nih.gov/Taxonomy/Browser/wwwtax.cgi</a>",https://www.ncbi.nlm.nih.gov/Taxonomy/Browser/wwwtax.cgi,https://www.ncbi.nlm.nih.gov/Taxonomy/Browser/wwwtax.cgi
https://journals.asm.org/doi/10.1128/mbio.01490-21,"<a href=""%5C%22https://en.wikipedia.org/%5C%22"">https://en.wikipedia.org/</a>",https://en.wikipedia.org/,https://en.wikipedia.org/
https://journals.asm.org/doi/10.1128/mbio.01490-21,"<a href=""%5C%22https://www.ncbi.nlm.nih.gov/genbank/%5C%22"">https://www.ncbi.nlm.nih.gov/genbank/</a>",https://www.ncbi.nlm.nih.gov/genbank/,https://www.ncbi.nlm.nih.gov/genbank/
https://journals.asm.org/doi/10.1128/mbio.01490-21,"<a href=""%5C%22https://www.phylo.org/%5C%22"">https://www.phylo.org/</a>",https://www.phylo.org/,https://www.phylo.org/
https://journals.asm.org/doi/10.1128/mbio.01490-21,"<a href=""%5C%22https://github.com/bmurareanu/Microsporidia-Database%5C%22"">https://github.com/bmurareanu/Microsporidia-Database</a>",https://github.com/bmurareanu/Microsporidia-Database,https://github.com/bmurareanu/Microsporidia-Database
https://journals.asm.org/doi/10.1128/mbio.01606-21,"<a href=""%5C%22https://figshare.com/articles/dataset/Novymonas_esmeraldas_phylogenomic_dataset/14618193%5C%22"">https://figshare.com/articles/dataset/Novymonas_esmeraldas_phylogenomic_dataset/14618193</a>",https://figshare.com/articles/dataset/Novymonas_esmeraldas_phylogenomic_dataset/14618193,https://figshare.com/articles/dataset/Novymonas_esmeraldas_phylogenomic_dataset/14618193
https://journals.asm.org/doi/10.1128/msphere.00211-18,"<a href=""%5C%22https://doi.org/10.5061/dryad.2th3266%5C%22"">https://doi.org/10.5061/dryad.2th3266</a>",https://doi.org/10.5061/dryad.2th3266,https://doi.org/10.5061/dryad.2th3266
https://journals.asm.org/doi/10.1128/msphere.00211-18,"<a href=""%5C%22https://www.ncbi.nlm.nih.gov/sra%5C%22"">https://www.ncbi.nlm.nih.gov/sra</a>",https://www.ncbi.nlm.nih.gov/sra,https://www.ncbi.nlm.nih.gov/sra
https://journals.asm.org/doi/10.1128/msphere.00113-18,"<a href=""%5C%22https://microbenet.cdc.gov/%5C%22"">https://microbenet.cdc.gov/</a>",https://microbenet.cdc.gov/,https://microbenet.cdc.gov/
https://journals.asm.org/doi/10.1128/msphere.00026-16,"<a href=""%5C%22https://doi.org/10.1128/mSphere.00105-15%5C%22"">https://doi.org/10.1128/mSphere.00105-15</a>",https://doi.org/10.1128/mSphere.00105-15,https://doi.org/10.1128/mSphere.00105-15
https://journals.asm.org/doi/10.1128/msphere.00505-21,"<a href=""%5C%22https://github.com/ismms-himc/cytutils%5C%22"">https://github.com/ismms-himc/cytutils</a>",https://github.com/ismms-himc/cytutils,https://github.com/ismms-himc/cytutils
https://journals.asm.org/doi/10.1128/msphere.00542-21,"<a href=""%5C%22https://www.oak-crest.org/%5C%22"">https://www.oak-crest.org/</a>",https://www.oak-crest.org/,https://www.oak-crest.org/
https://journals.asm.org/doi/10.1128/msphere.00851-21,"<a href=""%5C%22https://doi.org/10.5281/zenodo.4450697%5C%22"">https://doi.org/10.5281/zenodo.4450697</a>",https://doi.org/10.5281/zenodo.4450697,https://doi.org/10.5281/zenodo.4450697
https://journals.asm.org/doi/10.1128/msphere.00851-21,"<a href=""%5C%22https://github.com/mattb112885/clusterDbAnalysis/blob/master/src/Gblocks_wrapper.py%5C%22"">https://github.com/mattb112885/clusterDbAnalysis/blob/master/src/Gblocks_wrapper.py</a>",https://github.com/mattb112885/clusterDbAnalysis/blob/master/src/Gblocks_wrapper.py,https://github.com/mattb112885/clusterDbAnalysis/blob/master/src/Gblocks_wrapper.py
https://journals.asm.org/doi/10.1128/msphere.00848-21,"<a href=""%5C%22https://www.cdc.gov/foodsafety/diseases/clostridium-perfringens.html%5C%22"">https://www.cdc.gov/foodsafety/diseases/clostridium-perfringens.html</a>",https://www.cdc.gov/foodsafety/diseases/clostridium-perfringens.html,https://www.cdc.gov/foodsafety/diseases/clostridium-perfringens.html
https://journals.asm.org/doi/10.1128/msphere.00874-21,"<a href=""%5C%22https://fungidb.org%5C%22"">https://fungidb.org</a>",https://fungidb.org,https://fungidb.org
https://journals.asm.org/doi/10.1128/msphere.00874-21,"<a href=""%5C%22https://www.bioinformatics.babraham.ac.uk/projects/fastqc/%5C%22"">https://www.bioinformatics.babraham.ac.uk/projects/fastqc/</a>",https://www.bioinformatics.babraham.ac.uk/projects/fastqc/,https://www.bioinformatics.babraham.ac.uk/projects/fastqc/
https://journals.asm.org/doi/10.1128/msphere.00874-21,"<a href=""%5C%22https://fungidb.org/fungidb/%5C%22"">https://fungidb.org/fungidb/</a>",https://fungidb.org/fungidb/,https://fungidb.org/fungidb/
https://journals.asm.org/doi/10.1128/msphere.00874-21,"<a href=""%5C%22https://www.ebi.ac.uk/Tools/msa/clustalo/%5C%22"">https://www.ebi.ac.uk/Tools/msa/clustalo/</a>",https://www.ebi.ac.uk/Tools/msa/clustalo/,https://www.ebi.ac.uk/Tools/msa/clustalo/
https://journals.asm.org/doi/10.1128/msphere.00874-21,"<a href=""%5C%22https://mafft.cbrc.jp/alignment/software/%5C%22"">https://mafft.cbrc.jp/alignment/software/</a>",https://mafft.cbrc.jp/alignment/software/,https://mafft.cbrc.jp/alignment/software/
https://journals.asm.org/doi/10.1128/msphere.00433-20,"<a href=""%5C%22https://datadryad.org/stash/share/IVyqvDjX_Ly_IaCiyuL1xa813uBuvlLLMJ5Gg4-fPQw%5C%22"">https://datadryad.org/stash/share/IVyqvDjX_Ly_IaCiyuL1xa813uBuvlLLMJ5Gg4-fPQw</a>",https://datadryad.org/stash/share/IVyqvDjX_Ly_IaCiyuL1xa813uBuvlLLMJ5Gg4-fPQw,https://datadryad.org/stash/share/IVyqvDjX_Ly_IaCiyuL1xa813uBuvlLLMJ5Gg4-fPQw
https://journals.asm.org/doi/10.1128/msphere.00429-20,"<a href=""%5C%22https://www.cdc.gov/groupastrep/lab.html%5C%22"">https://www.cdc.gov/groupastrep/lab.html</a>",https://www.cdc.gov/groupastrep/lab.html,https://www.cdc.gov/groupastrep/lab.html
https://journals.asm.org/doi/10.1128/msphere.00538-20,"<a href=""%5C%22https://toxodb.org/toxo/%5C%22"">https://toxodb.org/toxo/</a>",https://toxodb.org/toxo/,https://toxodb.org/toxo/
https://journals.asm.org/doi/10.1128/msphere.00818-20,"<a href=""%5C%22https://figshare.com/articles/Membrane_receptors_contribute_to_activation_and_efficient_signaling_of_Mitogen-Activated_Protein_Kinase_cascades_during_adaptation_of_Aspergillus_fumigatus_to_different_stressors_and_carbon_sources/12402125%5C%22"">https://figshare.com/articles/Membrane_receptors_contribute_to_activation_and_efficient_signaling_of_Mitogen-Activated_Protein_Kinase_cascades_during_adaptation_of_Aspergillus_fumigatus_to_different_stressors_and_carbon_sources/12402125</a>",https://figshare.com/articles/Membrane_receptors_contribute_to_activation_and_efficient_signaling_of_Mitogen-Activated_Protein_Kinase_cascades_during_adaptation_of_Aspergillus_fumigatus_to_different_stressors_and_carbon_sources/12402125,https://figshare.com/articles/Membrane_receptors_contribute_to_activation_and_efficient_signaling_of_Mitogen-Activated_Protein_Kinase_cascades_during_adaptation_of_Aspergillus_fumigatus_to_different_stressors_and_carbon_sources/12402125
https://journals.asm.org/doi/10.1128/msphere.00864-20,"<a href=""%5C%22https://doi.org/10.1128/JB.105.3.844-854.1971%5C%22"">https://doi.org/10.1128/JB.105.3.844-854.1971</a>",https://doi.org/10.1128/JB.105.3.844-854.1971,https://doi.org/10.1128/JB.105.3.844-854.1971
https://journals.asm.org/doi/10.1128/msphere.00864-20,"<a href=""%5C%22https://doi.org/10.1128/mBio.02106-18%5C%22"">https://doi.org/10.1128/mBio.02106-18</a>",https://doi.org/10.1128/mBio.02106-18,https://doi.org/10.1128/mBio.02106-18
https://journals.asm.org/doi/10.1128/msystems.00185-21,"<a href=""%5C%22https://bitbucket.org/deaytan/aligned-fragments/%5C%22"">https://bitbucket.org/deaytan/aligned-fragments/</a>",https://bitbucket.org/deaytan/aligned-fragments/,https://bitbucket.org/deaytan/aligned-fragments/
https://journals.asm.org/doi/10.1128/msystems.00185-21,"<a href=""%5C%22https://www.patricbrc.org%5C%22"">https://www.patricbrc.org</a>",https://www.patricbrc.org,https://www.patricbrc.org
https://journals.asm.org/doi/10.1128/msystems.01323-20,"<a href=""%5C%22https://doi.org/10.6084/m9.figshare.13273172%5C%22"">https://doi.org/10.6084/m9.figshare.13273172</a>",https://doi.org/10.6084/m9.figshare.13273172,https://doi.org/10.6084/m9.figshare.13273172
https://journals.asm.org/doi/10.1128/msystems.00166-16,"<a href=""%5C%22https://github.com/knightlab-analyses/horseshoe-analyses%5C%22"">https://github.com/knightlab-analyses/horseshoe-analyses</a>",https://github.com/knightlab-analyses/horseshoe-analyses,https://github.com/knightlab-analyses/horseshoe-analyses
https://journals.asm.org/doi/10.1128/msystems.00451-22,"<a href=""%5C%22https://doi.org/10.5281/zenodo.6349343%5C%22"">https://doi.org/10.5281/zenodo.6349343</a>",https://doi.org/10.5281/zenodo.6349343,https://doi.org/10.5281/zenodo.6349343
https://journals.asm.org/doi/10.1128/msystems.00182-18,"<a href=""%5C%22https://github.com/tseemann/snippy%5C%22"">https://github.com/tseemann/snippy</a>",https://github.com/tseemann/snippy,https://github.com/tseemann/snippy
https://journals.asm.org/doi/10.1128/msystems.01079-20,"<a href=""%5C%22https://ggplot2.tidyverse.org%5C%22"">https://ggplot2.tidyverse.org</a>",https://ggplot2.tidyverse.org,https://ggplot2.tidyverse.org
https://journals.asm.org/doi/10.1128/msystems.00904-22,"<a href=""%5C%22https://github.com/tseemann/snippy%5C%22"">https://github.com/tseemann/snippy</a>",https://github.com/tseemann/snippy,https://github.com/tseemann/snippy
https://journals.asm.org/doi/10.1128/msystems.00904-22,"<a href=""%5C%22https://portal.inscriptacp.com/%5C%22"">https://portal.inscriptacp.com/</a>",https://portal.inscriptacp.com/,https://portal.inscriptacp.com/
https://journals.asm.org/doi/10.1128/msystems.00904-22,"<a href=""%5C%22https://github.com/marioluisao/Compensatory-mechanisms-for-Antimicrobial-Resistance%5C%22"">https://github.com/marioluisao/Compensatory-mechanisms-for-Antimicrobial-Resistance</a>",https://github.com/marioluisao/Compensatory-mechanisms-for-Antimicrobial-Resistance,https://github.com/marioluisao/Compensatory-mechanisms-for-Antimicrobial-Resistance
https://journals.asm.org/doi/10.1128/msystems.00893-22,"<a href=""%5C%22https://github.com/ravel-lab/two_year%5C%22"">https://github.com/ravel-lab/two_year</a>",https://github.com/ravel-lab/two_year,https://github.com/ravel-lab/two_year
https://journals.asm.org/doi/10.1128/msystems.00047-18,"<a href=""%5C%22https://cge.cbs.dtu.dk/services/SerotypeFinder/%5C%22"">https://cge.cbs.dtu.dk/services/SerotypeFinder/</a>",https://cge.cbs.dtu.dk/services/SerotypeFinder/,https://cge.cbs.dtu.dk/services/SerotypeFinder/
https://journals.asm.org/doi/10.1128/msystems.00047-18,"<a href=""%5C%22https://cge.cbs.dtu.dk/services/FimTyper/%5C%22"">https://cge.cbs.dtu.dk/services/FimTyper/</a>",https://cge.cbs.dtu.dk/services/FimTyper/,https://cge.cbs.dtu.dk/services/FimTyper/
https://journals.asm.org/doi/10.1128/msystems.00571-21,"<a href=""%5C%22https://doi.org/10.6084/m9.figshare.13653590%5C%22"">https://doi.org/10.6084/m9.figshare.13653590</a>",https://doi.org/10.6084/m9.figshare.13653590,https://doi.org/10.6084/m9.figshare.13653590
https://journals.asm.org/doi/10.1128/msystems.00571-21,"<a href=""%5C%22https://doi.org/10.6084/m9.figshare.13653359%5C%22"">https://doi.org/10.6084/m9.figshare.13653359</a>",https://doi.org/10.6084/m9.figshare.13653359,https://doi.org/10.6084/m9.figshare.13653359
https://journals.asm.org/doi/10.1128/msystems.00571-21,"<a href=""%5C%22https://doi.org/10.6084/m9.figshare.13653512%5C%22"">https://doi.org/10.6084/m9.figshare.13653512</a>",https://doi.org/10.6084/m9.figshare.13653512,https://doi.org/10.6084/m9.figshare.13653512
https://journals.asm.org/doi/10.1128/msystems.00571-21,"<a href=""%5C%22https://doi.org/10.6084/m9.figshare.13653497%5C%22"">https://doi.org/10.6084/m9.figshare.13653497</a>",https://doi.org/10.6084/m9.figshare.13653497,https://doi.org/10.6084/m9.figshare.13653497
https://journals.asm.org/doi/10.1128/msystems.00571-21,"<a href=""%5C%22https://dnatech.genomecenter.ucdavis.edu/%5C%22"">https://dnatech.genomecenter.ucdavis.edu/</a>",https://dnatech.genomecenter.ucdavis.edu/,https://dnatech.genomecenter.ucdavis.edu/
https://journals.asm.org/doi/10.1128/msystems.00571-21,"<a href=""%5C%22https://www.bioinformatics.babraham.ac.uk/index.html%5C%22"">https://www.bioinformatics.babraham.ac.uk/index.html</a>",https://www.bioinformatics.babraham.ac.uk/index.html,https://www.bioinformatics.babraham.ac.uk/index.html
https://journals.asm.org/doi/10.1128/msystems.00571-21,"<a href=""%5C%22https://doi.org/10.6084/m9.figshare.13653362%5C%22"">https://doi.org/10.6084/m9.figshare.13653362</a>",https://doi.org/10.6084/m9.figshare.13653362,https://doi.org/10.6084/m9.figshare.13653362
https://journals.asm.org/doi/10.1128/msystems.00571-21,"<a href=""%5C%22https://doi.org/10.6084/m9.figshare.13653353%5C%22"">https://doi.org/10.6084/m9.figshare.13653353</a>",https://doi.org/10.6084/m9.figshare.13653353,https://doi.org/10.6084/m9.figshare.13653353
https://journals.asm.org/doi/10.1128/msystems.00571-21,"<a href=""%5C%22https://doi.org/10.6084/m9.figshare.13653593%5C%22"">https://doi.org/10.6084/m9.figshare.13653593</a>",https://doi.org/10.6084/m9.figshare.13653593,https://doi.org/10.6084/m9.figshare.13653593
https://journals.asm.org/doi/10.1128/msystems.00394-21,"<a href=""%5C%22https://github.com/qibebt-bioinfo/meta-storms%5C%22"">https://github.com/qibebt-bioinfo/meta-storms</a>",https://github.com/qibebt-bioinfo/meta-storms,https://github.com/qibebt-bioinfo/meta-storms
https://journals.asm.org/doi/10.1128/msystems.00394-21,"<a href=""%5C%22https://github.com/qibebt-bioinfo/microbiomenetwork%5C%22"">https://github.com/qibebt-bioinfo/microbiomenetwork</a>",https://github.com/qibebt-bioinfo/microbiomenetwork,https://github.com/qibebt-bioinfo/microbiomenetwork
https://journals.asm.org/doi/10.1128/msystems.00889-21,"<a href=""%5C%22https://www.bioinformatics.babraham.ac.uk/projects/fastqc/%5C%22"">https://www.bioinformatics.babraham.ac.uk/projects/fastqc/</a>",https://www.bioinformatics.babraham.ac.uk/projects/fastqc/,https://www.bioinformatics.babraham.ac.uk/projects/fastqc/
https://journals.asm.org/doi/10.1128/msystems.00889-21,"<a href=""%5C%22https://instrain.readthedocs.io/en/latest/index.html%5C%22"">https://instrain.readthedocs.io/en/latest/index.html</a>",https://instrain.readthedocs.io/en/latest/index.html,https://instrain.readthedocs.io/en/latest/index.html
https://journals.asm.org/doi/10.1128/msystems.01105-21,"<a href=""%5C%22https://doi.org/10.1016/j.marpolbul.2019.110804%5C%22"">https://doi.org/10.1016/j.marpolbul.2019.110804</a>",https://doi.org/10.1016/j.marpolbul.2019.110804,https://doi.org/10.1016/j.marpolbul.2019.110804
https://journals.asm.org/doi/10.1128/msystems.01105-21,"<a href=""%5C%22https://doi.org/10.3389/fmicb.2018.00689%5C%22"">https://doi.org/10.3389/fmicb.2018.00689</a>",https://doi.org/10.3389/fmicb.2018.00689,https://doi.org/10.3389/fmicb.2018.00689
https://journals.asm.org/doi/10.1128/msystems.01105-21,"<a href=""%5C%22https://doi.org/10.1128/mSystems.00668-20%5C%22"">https://doi.org/10.1128/mSystems.00668-20</a>",https://doi.org/10.1128/mSystems.00668-20,https://doi.org/10.1128/mSystems.00668-20
https://journals.asm.org/doi/10.1128/msystems.01105-21,"<a href=""%5C%22https://doi.org/10.7266/3ZVPZ2F8%5C%22"">https://doi.org/10.7266/3ZVPZ2F8</a>",https://doi.org/10.7266/3ZVPZ2F8,https://doi.org/10.7266/3ZVPZ2F8
https://journals.asm.org/doi/10.1128/msystems.01105-21,"<a href=""%5C%22https://doi.org/10.7266/n7-z8x6-km14%5C%22"">https://doi.org/10.7266/n7-z8x6-km14</a>",https://doi.org/10.7266/n7-z8x6-km14,https://doi.org/10.7266/n7-z8x6-km14
https://journals.asm.org/doi/10.1128/msystems.01105-21,"<a href=""%5C%22https://doi.org/10.7266/N71GNKT1%5C%22"">https://doi.org/10.7266/N71GNKT1</a>",https://doi.org/10.7266/N71GNKT1,https://doi.org/10.7266/N71GNKT1
https://journals.asm.org/doi/10.1128/msystems.01105-21,"<a href=""%5C%22https://doi.org/10.7266/n7-v9q1-5116%5C%22"">https://doi.org/10.7266/n7-v9q1-5116</a>",https://doi.org/10.7266/n7-v9q1-5116,https://doi.org/10.7266/n7-v9q1-5116
https://journals.asm.org/doi/10.1128/msystems.01105-21,"<a href=""%5C%22https://doi.org/10.7266/n7-1kx8-0z36%5C%22"">https://doi.org/10.7266/n7-1kx8-0z36</a>",https://doi.org/10.7266/n7-1kx8-0z36,https://doi.org/10.7266/n7-1kx8-0z36
https://journals.asm.org/doi/10.1128/msystems.00673-21,"<a href=""%5C%22https://tuberculosis.sdsu.edu/H37Rv%5C%22"">https://tuberculosis.sdsu.edu/H37Rv</a>",https://tuberculosis.sdsu.edu/H37Rv,https://tuberculosis.sdsu.edu/H37Rv
https://journals.asm.org/doi/10.1128/msystems.00673-21,"<a href=""%5C%22https://mycobrowser.epfl.ch/%5C%22"">https://mycobrowser.epfl.ch/</a>",https://mycobrowser.epfl.ch/,https://mycobrowser.epfl.ch/
https://journals.asm.org/doi/10.1128/msystems.00673-21,"<a href=""%5C%22https://gitlab.com/LPCDRP/Mtb-H37Rv-annotation/-/blob/master/features/Rv2050.tbl%5C%22"">https://gitlab.com/LPCDRP/Mtb-H37Rv-annotation/-/blob/master/features/Rv2050.tbl</a>",https://gitlab.com/LPCDRP/Mtb-H37Rv-annotation/-/blob/master/features/Rv2050.tbl,https://gitlab.com/LPCDRP/Mtb-H37Rv-annotation/-/blob/master/features/Rv2050.tbl
https://journals.asm.org/doi/10.1128/msystems.00673-21,"<a href=""%5C%22https://gitlab.com/LPCDRP/Mtb-H37Rv-annotation/-/blob/master/features/Rv3909.tbl%5C%22"">https://gitlab.com/LPCDRP/Mtb-H37Rv-annotation/-/blob/master/features/Rv3909.tbl</a>",https://gitlab.com/LPCDRP/Mtb-H37Rv-annotation/-/blob/master/features/Rv3909.tbl,https://gitlab.com/LPCDRP/Mtb-H37Rv-annotation/-/blob/master/features/Rv3909.tbl
https://journals.asm.org/doi/10.1128/msystems.00673-21,"<a href=""%5C%22https://www.rcsb.org/%5C%22"">https://www.rcsb.org/</a>",https://www.rcsb.org/,https://www.rcsb.org/
https://journals.asm.org/doi/10.1128/msystems.00673-21,"<a href=""%5C%22https://gitlab.com/LPCDRP/Mtb-H37Rv-annotation%5C%22"">https://gitlab.com/LPCDRP/Mtb-H37Rv-annotation</a>",https://gitlab.com/LPCDRP/Mtb-H37Rv-annotation,https://gitlab.com/LPCDRP/Mtb-H37Rv-annotation
https://journals.asm.org/doi/10.1128/msystems.00673-21,"<a href=""%5C%22https://www.ncbi.nlm.nih.gov/refseq/%5C%22"">https://www.ncbi.nlm.nih.gov/refseq/</a>",https://www.ncbi.nlm.nih.gov/refseq/,https://www.ncbi.nlm.nih.gov/refseq/
https://journals.asm.org/doi/10.1128/msystems.00673-21,"<a href=""%5C%22https://www.patricbrc.org/%5C%22"">https://www.patricbrc.org/</a>",https://www.patricbrc.org/,https://www.patricbrc.org/
https://journals.asm.org/doi/10.1128/msystems.00673-21,"<a href=""%5C%22https://www.kegg.jp/kegg/genome/pathogen.html%5C%22"">https://www.kegg.jp/kegg/genome/pathogen.html</a>",https://www.kegg.jp/kegg/genome/pathogen.html,https://www.kegg.jp/kegg/genome/pathogen.html
https://journals.asm.org/doi/10.1128/msystems.00673-21,"<a href=""%5C%22https://www.uniprot.org/uniprot/%5C%22"">https://www.uniprot.org/uniprot/</a>",https://www.uniprot.org/uniprot/,https://www.uniprot.org/uniprot/
https://journals.asm.org/doi/10.1128/msystems.00673-21,"<a href=""%5C%22https://pymol.org/%5C%22"">https://pymol.org/</a>",https://pymol.org/,https://pymol.org/
https://journals.asm.org/doi/10.1128/msystems.00673-21,"<a href=""%5C%22https://tuberculosis.sdsu.edu/structures/H37Rv/%5C%22"">https://tuberculosis.sdsu.edu/structures/H37Rv/</a>",https://tuberculosis.sdsu.edu/structures/H37Rv/,https://tuberculosis.sdsu.edu/structures/H37Rv/
https://journals.asm.org/doi/10.1128/msystems.00898-21,"<a href=""%5C%22https://www.ncbi.nlm.nih.gov%5C%22"">https://www.ncbi.nlm.nih.gov</a>",https://www.ncbi.nlm.nih.gov,https://www.ncbi.nlm.nih.gov
https://journals.asm.org/doi/10.1128/msystems.00898-21,"<a href=""%5C%22https://www.ncbi.nlm.nih.gov/Structure/cdd/wrpsb.cgi%5C%22"">https://www.ncbi.nlm.nih.gov/Structure/cdd/wrpsb.cgi</a>",https://www.ncbi.nlm.nih.gov/Structure/cdd/wrpsb.cgi,https://www.ncbi.nlm.nih.gov/Structure/cdd/wrpsb.cgi
https://journals.asm.org/doi/10.1128/msystems.01196-21,"<a href=""%5C%22https://github.com/jandrewrfarrell/RUFUS%5C%22"">https://github.com/jandrewrfarrell/RUFUS</a>",https://github.com/jandrewrfarrell/RUFUS,https://github.com/jandrewrfarrell/RUFUS
https://journals.asm.org/doi/10.1128/msystems.01196-21,"<a href=""%5C%22https://github.com/dillonl/graphite%5C%22"">https://github.com/dillonl/graphite</a>",https://github.com/dillonl/graphite,https://github.com/dillonl/graphite
https://journals.asm.org/doi/10.1128/msystems.01196-21,"<a href=""%5C%22https://nucleobytes.com/4peaks/%5C%22"">https://nucleobytes.com/4peaks/</a>",https://nucleobytes.com/4peaks/,https://nucleobytes.com/4peaks/
https://journals.asm.org/doi/10.1128/msystems.01196-21,"<a href=""%5C%22https://github.com/umbibio/ToxoplasmaGondii%5C%22"">https://github.com/umbibio/ToxoplasmaGondii</a>",https://github.com/umbibio/ToxoplasmaGondii,https://github.com/umbibio/ToxoplasmaGondii
https://journals.asm.org/doi/10.1128/msystems.00857-19,"<a href=""%5C%22https://blast.ncbi.nlm.nih.gov/Blast.cgi%5C%22"">https://blast.ncbi.nlm.nih.gov/Blast.cgi</a>",https://blast.ncbi.nlm.nih.gov/Blast.cgi,https://blast.ncbi.nlm.nih.gov/Blast.cgi
https://journals.asm.org/doi/10.1128/msystems.00857-19,"<a href=""%5C%22https://www.dsmz.de%5C%22"">https://www.dsmz.de</a>",https://www.dsmz.de,https://www.dsmz.de
https://journals.asm.org/doi/10.1128/msystems.00857-19,"<a href=""%5C%22https://cran.r-project.org/%5C%22"">https://cran.r-project.org/</a>",https://cran.r-project.org/,https://cran.r-project.org/
https://journals.asm.org/doi/10.1128/msystems.00857-19,"<a href=""%5C%22https://github.com/alfbenpa/permubiome%5C%22"">https://github.com/alfbenpa/permubiome</a>",https://github.com/alfbenpa/permubiome,https://github.com/alfbenpa/permubiome
https://journals.asm.org/doi/10.1128/msystems.00880-19,"<a href=""%5C%22https://www.fruitfly.org/seq_tools/promoter.html%5C%22"">https://www.fruitfly.org/seq_tools/promoter.html</a>",https://www.fruitfly.org/seq_tools/promoter.html,https://www.fruitfly.org/seq_tools/promoter.html
https://journals.asm.org/doi/10.1128/msystems.00880-19,"<a href=""%5C%22https://blast.ncbi.nlm.nih.gov/Blast.cgi?PROGRAM=blastn&amp;PAGE_TYPE=BlastSearch&amp;LINK_LOC=blasthome%5C%22"">https://blast.ncbi.nlm.nih.gov/Blast.cgi?PROGRAM=blastn&amp;PAGE_TYPE=BlastSearch&amp;LINK_LOC=blasthome</a>",https://blast.ncbi.nlm.nih.gov/Blast.cgi?PROGRAM=blastn&amp;PAGE_TYPE=BlastSearch&amp;LINK_LOC=blasthome,https://blast.ncbi.nlm.nih.gov/Blast.cgi?PROGRAM=blastn&amp;PAGE_TYPE=BlastSearch&amp;LINK_LOC=blasthome
https://journals.asm.org/doi/10.1128/msystems.00266-20,"<a href=""%5C%22https://prosite.expasy.org/scanprosite/%5C%22"">https://prosite.expasy.org/scanprosite/</a>",https://prosite.expasy.org/scanprosite/,https://prosite.expasy.org/scanprosite/
https://journals.asm.org/doi/10.1128/msystems.00125-20,"<a href=""%5C%22https://doi.org/10.5281/zenodo.3784407%5C%22"">https://doi.org/10.5281/zenodo.3784407</a>",https://doi.org/10.5281/zenodo.3784407,https://doi.org/10.5281/zenodo.3784407
https://journals.asm.org/doi/10.1128/msystems.00457-20,"<a href=""%5C%22https://www.mg-rast.org%5C%22"">https://www.mg-rast.org</a>",https://www.mg-rast.org,https://www.mg-rast.org
https://journals.asm.org/doi/10.1128/msystems.00190-20,"<a href=""%5C%22https://www.github.com/bactopia/bactopia%5C%22"">https://www.github.com/bactopia/bactopia</a>",https://www.github.com/bactopia/bactopia,https://www.github.com/bactopia/bactopia
https://journals.asm.org/doi/10.1128/msystems.00190-20,"<a href=""%5C%22https://bactopia.github.io/%5C%22"">https://bactopia.github.io/</a>",https://bactopia.github.io/,https://bactopia.github.io/
https://journals.asm.org/doi/10.1128/msystems.00190-20,"<a href=""%5C%22https://www.github.com/bactopia/bactopia/%5C%22"">https://www.github.com/bactopia/bactopia/</a>",https://www.github.com/bactopia/bactopia/,https://www.github.com/bactopia/bactopia/
https://journals.asm.org/doi/10.1128/msystems.00190-20,"<a href=""%5C%22https://doi.org/10.5281/zenodo.3926909%5C%22"">https://doi.org/10.5281/zenodo.3926909</a>",https://doi.org/10.5281/zenodo.3926909,https://doi.org/10.5281/zenodo.3926909
https://journals.asm.org/doi/10.1128/msystems.00190-20,"<a href=""%5C%22https://bioconda.github.io/recipes/bactopia/README.html%5C%22"">https://bioconda.github.io/recipes/bactopia/README.html</a>",https://bioconda.github.io/recipes/bactopia/README.html,https://bioconda.github.io/recipes/bactopia/README.html
https://journals.asm.org/doi/10.1128/msystems.00190-20,"<a href=""%5C%22https://cloud.docker.com/u/bactopia/%5C%22"">https://cloud.docker.com/u/bactopia/</a>",https://cloud.docker.com/u/bactopia/,https://cloud.docker.com/u/bactopia/
https://journals.asm.org/doi/10.1128/msystems.00190-20,"<a href=""%5C%22https://cloud.sylabs.io/library/rpetit3/bactopia%5C%22"">https://cloud.sylabs.io/library/rpetit3/bactopia</a>",https://cloud.sylabs.io/library/rpetit3/bactopia,https://cloud.sylabs.io/library/rpetit3/bactopia
https://journals.asm.org/doi/10.1128/msystems.00288-20,"<a href=""%5C%22https://blast.ncbi.nlm.nih.gov/%5C%22"">https://blast.ncbi.nlm.nih.gov/</a>",https://blast.ncbi.nlm.nih.gov/,https://blast.ncbi.nlm.nih.gov/
https://journals.asm.org/doi/10.1128/msystems.00288-20,"<a href=""%5C%22https://blast.ncbi.nlm.nih.gov%5C%22"">https://blast.ncbi.nlm.nih.gov</a>",https://blast.ncbi.nlm.nih.gov,https://blast.ncbi.nlm.nih.gov
https://journals.asm.org/doi/10.1128/msystems.00288-20,"<a href=""%5C%22https://www.ebi.ac.uk/%5C%22"">https://www.ebi.ac.uk/</a>",https://www.ebi.ac.uk/,https://www.ebi.ac.uk/
https://journals.asm.org/doi/10.1128/msystems.00288-20,"<a href=""%5C%22https://cran.r-project.org%5C%22"">https://cran.r-project.org</a>",https://cran.r-project.org,https://cran.r-project.org
https://journals.asm.org/doi/10.1128/msystems.00080-20,"<a href=""%5C%22https://github.com/mlangill/microbiome_helper/wiki%5C%22"">https://github.com/mlangill/microbiome_helper/wiki</a>",https://github.com/mlangill/microbiome_helper/wiki,https://github.com/mlangill/microbiome_helper/wiki
https://journals.asm.org/doi/10.1128/msystems.00471-20,"<a href=""%5C%22https://doi.org/10.6084/m9.figshare.12326330%5C%22"">https://doi.org/10.6084/m9.figshare.12326330</a>",https://doi.org/10.6084/m9.figshare.12326330,https://doi.org/10.6084/m9.figshare.12326330
https://journals.asm.org/doi/10.1128/msystems.00589-20,"<a href=""%5C%22https://www.wunderground.com/%5C%22"">https://www.wunderground.com/</a>",https://www.wunderground.com/,https://www.wunderground.com/
https://journals.asm.org/doi/10.1128/msystems.00999-20,"<a href=""%5C%22https://www.covid19wbec.org/%5C%22"">https://www.covid19wbec.org/</a>",https://www.covid19wbec.org/,https://www.covid19wbec.org/
https://journals.asm.org/doi/10.1128/msystems.00974-20,"<a href=""%5C%22https://pubchem.ncbi.nlm.nih.gov%5C%22"">https://pubchem.ncbi.nlm.nih.gov</a>",https://pubchem.ncbi.nlm.nih.gov,https://pubchem.ncbi.nlm.nih.gov
https://journals.asm.org/doi/10.1128/msystems.00974-20,"<a href=""%5C%22https://doi.org/10.5061/dryad.jdfn2z38q%5C%22"">https://doi.org/10.5061/dryad.jdfn2z38q</a>",https://doi.org/10.5061/dryad.jdfn2z38q,https://doi.org/10.5061/dryad.jdfn2z38q
https://journals.asm.org/doi/10.1128/msystems.00974-20,"<a href=""%5C%22https://pubchem.ncbi.nlm.nih.gov/%5C%22"">https://pubchem.ncbi.nlm.nih.gov/</a>",https://pubchem.ncbi.nlm.nih.gov/,https://pubchem.ncbi.nlm.nih.gov/
https://journals.asm.org/doi/10.1128/msystems.00974-20,"<a href=""%5C%22https://github.com/hyhy8181994/Sinorhizobium-RNAseq-2020%5C%22"">https://github.com/hyhy8181994/Sinorhizobium-RNAseq-2020</a>",https://github.com/hyhy8181994/Sinorhizobium-RNAseq-2020,https://github.com/hyhy8181994/Sinorhizobium-RNAseq-2020
https://journals.asm.org/doi/10.1128/msystems.01048-20,"<a href=""%5C%22https://github.com/lyijin/topGO_pipeline/%5C%22"">https://github.com/lyijin/topGO_pipeline/</a>",https://github.com/lyijin/topGO_pipeline/,https://github.com/lyijin/topGO_pipeline/
https://journals.asm.org/doi/10.1128/msystems.00115-21,"<a href=""%5C%22https://github.com/aoliver44/Fiber-Analysis%5C%22"">https://github.com/aoliver44/Fiber-Analysis</a>",https://github.com/aoliver44/Fiber-Analysis,https://github.com/aoliver44/Fiber-Analysis
https://journals.asm.org/doi/10.1128/msystems.00193-20,"<a href=""%5C%22https://microbiome.stanford.edu%5C%22"">https://microbiome.stanford.edu</a>",https://microbiome.stanford.edu,https://microbiome.stanford.edu
https://journals.asm.org/doi/10.1128/msystems.00193-20,"<a href=""%5C%22https://github.com/walllab/Microbiome_16S_mbio%5C%22"">https://github.com/walllab/Microbiome_16S_mbio</a>",https://github.com/walllab/Microbiome_16S_mbio,https://github.com/walllab/Microbiome_16S_mbio
https://journals.asm.org/doi/10.1128/aem.02294-20,"<a href=""%5C%22https://www.bpprc.org/%5C%22"">https://www.bpprc.org/</a>",https://www.bpprc.org/,https://www.bpprc.org/
https://journals.asm.org/doi/10.1128/aem.02294-20,"<a href=""%5C%22https://antismash.secondarymetabolites.org/#/start%5C%22"">https://antismash.secondarymetabolites.org/#/start</a>",https://antismash.secondarymetabolites.org/#/start,https://antismash.secondarymetabolites.org/#/start
https://journals.asm.org/doi/10.1128/aem.00384-18,"<a href=""%5C%22https://www.ncbi.nlm.nih.gov/tools/primer-blast/%5C%22"">https://www.ncbi.nlm.nih.gov/tools/primer-blast/</a>",https://www.ncbi.nlm.nih.gov/tools/primer-blast/,https://www.ncbi.nlm.nih.gov/tools/primer-blast/
https://journals.asm.org/doi/10.1128/jmbe.v20i3.1809,"<a href=""%5C%22https://www.asm.org/Guideline/ASM-Guidelines-for-Biosafety-in-Teaching-Laborator%5C%22"">https://www.asm.org/Guideline/ASM-Guidelines-for-Biosafety-in-Teaching-Laborator</a>",https://www.asm.org/Guideline/ASM-Guidelines-for-Biosafety-in-Teaching-Laborator,https://www.asm.org/Guideline/ASM-Guidelines-for-Biosafety-in-Teaching-Laborator
https://journals.asm.org/doi/10.1128/jmbe.v18i2.1284,"<a href=""%5C%22https://vimeo.com/103012368%5C%22"">https://vimeo.com/103012368</a>",https://vimeo.com/103012368,https://vimeo.com/103012368
https://journals.asm.org/doi/10.1128/jmbe.v18i2.1284,"<a href=""%5C%22https://vimeo.com/113492690%5C%22"">https://vimeo.com/113492690</a>",https://vimeo.com/113492690,https://vimeo.com/113492690
https://journals.asm.org/doi/10.1128/mra.00129-19,"<a href=""%5C%22https://cran.r-project.org/web/packages/omu/index.html%5C%22"">https://cran.r-project.org/web/packages/omu/index.html</a>",https://cran.r-project.org/web/packages/omu/index.html,https://cran.r-project.org/web/packages/omu/index.html
https://journals.asm.org/doi/10.1128/mra.00129-19,"<a href=""%5C%22https://cran.r-project.org/web/packages/omu/vignettes/Omu_vignette.html%5C%22"">https://cran.r-project.org/web/packages/omu/vignettes/Omu_vignette.html</a>",https://cran.r-project.org/web/packages/omu/vignettes/Omu_vignette.html,https://cran.r-project.org/web/packages/omu/vignettes/Omu_vignette.html
